Mass [m/z],Formula [M],Species,CS [z],Polarity,Start [min],End [min],NCE,Comment
457.276909,,,2,Positive,65.71,72.71,27,LAAIAVAER (light)
460.286974,,,2,Positive,65.71,72.71,27,LAAIAVAER (heavy)
601.811844,,,2,Positive,71.62,78.62,27,NPEAALSPTFR (light)
604.821909,,,2,Positive,71.62,78.62,27,NPEAALSPTFR (heavy)
630.787512,,,2,Positive,65.53,72.53,27,VTYTEFC[+57.021464]QGR (light)
633.797577,,,2,Positive,65.53,72.53,27,VTYTEFC[+57.021464]QGR (heavy)
608.807093,,,2,Positive,65.45,72.45,27,DALQQNPGAFR (light)
611.817158,,,2,Positive,65.45,72.45,27,DALQQNPGAFR (heavy)
456.773668,,,2,Positive,70.82,77.82,27,LAEEIPLK (light)
460.780767,,,2,Positive,70.82,77.82,27,LAEEIPLK (heavy)
458.248349,,,2,Positive,68.33,75.33,27,NLDADLVR (light)
461.258413,,,2,Positive,68.33,75.33,27,NLDADLVR (heavy)
642.369526,,,2,Positive,75.22,82.22,27,QAAGVISLPVGGSK (light)
646.376626,,,2,Positive,75.22,82.22,27,QAAGVISLPVGGSK (heavy)
574.806562,,,2,Positive,67.33,74.33,27,SLSPGGAALGYR (light)
577.816626,,,2,Positive,67.33,74.33,27,SLSPGGAALGYR (heavy)
449.777076,,,2,Positive,66.11,73.11,27,LQQLALGR (light)
452.787141,,,2,Positive,66.11,73.11,27,LQQLALGR (heavy)
468.263467,,,2,Positive,74.28,81.28,27,LAGSELFAK (light)
472.270567,,,2,Positive,74.28,81.28,27,LAGSELFAK (heavy)
494.239469,,,2,Positive,73.59,80.59,27,FC[+57.021464]LQYTR (light)
497.249534,,,2,Positive,73.59,80.59,27,FC[+57.021464]LQYTR (heavy)
529.298038,,,2,Positive,69.87,76.87,27,TLETVPLER (light)
532.308103,,,2,Positive,69.87,76.87,27,TLETVPLER (heavy)
629.841133,,,2,Positive,65.54,72.54,27,LSAETLQQVNR (light)
632.851198,,,2,Positive,65.54,72.54,27,LSAETLQQVNR (heavy)
560.785295,,,2,Positive,73.21,80.21,27,GYAPESVLER (light)
563.79536,,,2,Positive,73.21,80.21,27,GYAPESVLER (heavy)
543.829506,,,2,Positive,76.36,83.36,27,GVLVVGIGSGTK (light)
547.836605,,,2,Positive,76.36,83.36,27,GVLVVGIGSGTK (heavy)
670.791306,,,2,Positive,75.6,82.6,27,WGELEGDTYDR (light)
673.80137,,,2,Positive,75.6,82.6,27,WGELEGDTYDR (heavy)
637.824095,,,2,Positive,70.24,77.24,27,VLVDVPC[+57.021464]TTDR (light)
640.834159,,,2,Positive,70.24,77.24,27,VLVDVPC[+57.021464]TTDR (heavy)
745.888477,,,2,Positive,68.72,75.72,27,SLTNLSQEEQITK (light)
749.895577,,,2,Positive,68.72,75.72,27,SLTNLSQEEQITK (heavy)
616.306926,,,2,Positive,66.27,73.27,27,SLGTADVHFER (light)
619.316991,,,2,Positive,66.27,73.27,27,SLGTADVHFER (heavy)
686.299161,,,2,Positive,64.52,71.52,27,TESDFSNLDSEK (light)
690.30626,,,2,Positive,64.52,71.52,27,TESDFSNLDSEK (heavy)
599.796194,,,2,Positive,71.34,78.34,27,TNAQYLFADR (light)
602.806259,,,2,Positive,71.34,78.34,27,TNAQYLFADR (heavy)
596.790912,,,2,Positive,68.81,75.81,27,YALFSPSDHR (light)
599.800976,,,2,Positive,68.81,75.81,27,YALFSPSDHR (heavy)
583.757266,,,2,Positive,58.89,65.89,27,EGFDSDINNR (light)
586.767331,,,2,Positive,58.89,65.89,27,EGFDSDINNR (heavy)
483.247294,,,2,Positive,74.66,81.66,27,LAC[+57.021464]DFLAR (light)
486.257359,,,2,Positive,74.66,81.66,27,LAC[+57.021464]DFLAR (heavy)
531.284931,,,2,Positive,82.83,89.83,27,AANPVDFLSK (light)
535.292031,,,2,Positive,82.83,89.83,27,AANPVDFLSK (heavy)
823.405457,,,2,Positive,75.89,82.89,27,NVGTGLVGAPAC[+57.021464]GDVMK (light)
827.412557,,,2,Positive,75.89,82.89,27,NVGTGLVGAPAC[+57.021464]GDVMK (heavy)
502.287139,,,2,Positive,70.21,77.21,27,TVEEALTIK (light)
506.294239,,,2,Positive,70.21,77.21,27,TVEEALTIK (heavy)
775.37266,,,2,Positive,71.37,78.37,27,FLENPDLSQTEEK (light)
779.37976,,,2,Positive,71.37,78.37,27,FLENPDLSQTEEK (heavy)
496.761623,,,2,Positive,65.98,72.98,27,LDGGFAAVSR (light)
499.771688,,,2,Positive,65.98,72.98,27,LDGGFAAVSR (heavy)
478.739825,,,2,Positive,63.67,70.67,27,YDLPASYK (light)
482.746925,,,2,Positive,63.67,70.67,27,YDLPASYK (heavy)
465.771991,,,2,Positive,74.83,81.83,27,TSINGLLGR (light)
468.782055,,,2,Positive,74.83,81.83,27,TSINGLLGR (heavy)
472.263999,,,2,Positive,50.89,57.89,27,QNLPLSSGK (light)
476.271098,,,2,Positive,50.89,57.89,27,QNLPLSSGK (heavy)
501.753798,,,2,Positive,52.41,59.41,27,SQPAPAEFR (light)
504.763863,,,2,Positive,52.41,59.41,27,SQPAPAEFR (heavy)
614.817658,,,2,Positive,49.73,56.73,27,ARPEDVISEGR (light)
617.827722,,,2,Positive,49.73,56.73,27,ARPEDVISEGR (heavy)
740.876858,,,2,Positive,83.06,90.06,27,LLDLVQQSC[+57.021464]NYK (light)
744.883958,,,2,Positive,83.06,90.06,27,LLDLVQQSC[+57.021464]NYK (heavy)
497.279452,,,2,Positive,81.79,88.79,27,NVPYVFVR (light)
500.289516,,,2,Positive,81.79,88.79,27,NVPYVFVR (heavy)
729.388979,,,2,Positive,68.2,75.2,27,QQIQSIQQSIER (light)
732.399043,,,2,Positive,68.2,75.2,27,QQIQSIQQSIER (heavy)
902.443291,,,2,Positive,82.4,89.4,27,LC[+57.021464]ASGAGATPDTAIEEIK (light)
906.45039,,,2,Positive,82.4,89.4,27,LC[+57.021464]ASGAGATPDTAIEEIK (heavy)
476.29731,,,2,Positive,81.79,88.79,27,VPLDPLIGK (light)
480.30441,,,2,Positive,81.79,88.79,27,VPLDPLIGK (heavy)
531.3157,,,2,Positive,84.77,91.77,27,LVELPYTVK (light)
535.322799,,,2,Positive,84.77,91.77,27,LVELPYTVK (heavy)
580.798934,,,2,Positive,54.13,61.13,27,TPLSDSGVTQR (light)
583.808998,,,2,Positive,54.13,61.13,27,TPLSDSGVTQR (heavy)
572.26185,,,2,Positive,50.53,57.53,27,GPDELEGPDSK (light)
576.268949,,,2,Positive,50.53,57.53,27,GPDELEGPDSK (heavy)
434.219591,,,2,Positive,53.35,60.35,27,SFSGLNSR (light)
437.229656,,,2,Positive,53.35,60.35,27,SFSGLNSR (heavy)
593.29857,,,2,Positive,68.25,75.25,27,ATPSTYSGVFR (light)
596.308634,,,2,Positive,68.25,75.25,27,ATPSTYSGVFR (heavy)
892.434115,,,2,Positive,73.11,80.11,27,YLNEQLYSGPSSAAQR (light)
895.444179,,,2,Positive,73.11,80.11,27,YLNEQLYSGPSSAAQR (heavy)
505.774534,,,2,Positive,80.02,87.02,27,WPLQPVDR (light)
508.784598,,,2,Positive,80.02,87.02,27,WPLQPVDR (heavy)
898.433446,,,2,Positive,78.39,85.39,27,VTYLSPDAIEDTESQK (light)
902.440545,,,2,Positive,78.39,85.39,27,VTYLSPDAIEDTESQK (heavy)
533.262945,,,2,Positive,80.62,87.62,27,VIHC[+57.021464]DFFK (light)
537.270044,,,2,Positive,80.62,87.62,27,VIHC[+57.021464]DFFK (heavy)
506.282723,,,2,Positive,63.98,70.98,27,SATVIDHLR (light)
509.292787,,,2,Positive,63.98,70.98,27,SATVIDHLR (heavy)
436.745442,,,2,Positive,61.68,68.68,27,SLTPLDAR (light)
439.755506,,,2,Positive,61.68,68.68,27,SLTPLDAR (heavy)
514.790381,,,2,Positive,62.12,69.12,27,TPQGLSNLAK (light)
518.79748,,,2,Positive,62.12,69.12,27,TPQGLSNLAK (heavy)
518.289682,,,2,Positive,89.26,96.26,27,GVDLYVLEK (light)
522.296782,,,2,Positive,89.26,96.26,27,GVDLYVLEK (heavy)
465.210909,,,2,Positive,51.07,58.07,27,LYGSSC[+57.021464]SR (light)
468.220973,,,2,Positive,51.07,58.07,27,LYGSSC[+57.021464]SR (heavy)
770.39373,,,2,Positive,95.24,102.24,27,VTLPGQEEPWDIR (light)
773.403794,,,2,Positive,95.24,102.24,27,VTLPGQEEPWDIR (heavy)
515.938845,,,3,Positive,85.68,92.68,27,ERPELFIQGDSVR (light)
517.945554,,,3,Positive,85.68,92.68,27,ERPELFIQGDSVR (heavy)
516.769645,,,2,Positive,62.57,69.57,27,GLLATASEDR (light)
519.77971,,,2,Positive,62.57,69.57,27,GLLATASEDR (heavy)
452.237784,,,2,Positive,74.97,81.97,27,AGWTEALR (light)
455.247848,,,2,Positive,74.97,81.97,27,AGWTEALR (heavy)
636.36391,,,2,Positive,81.17,88.17,27,LGSTVVDLSVPGK (light)
640.371009,,,2,Positive,81.17,88.17,27,LGSTVVDLSVPGK (heavy)
579.284605,,,2,Positive,56.09,63.09,27,TPNPDIVC[+57.021464]NK (light)
583.291705,,,2,Positive,56.09,63.09,27,TPNPDIVC[+57.021464]NK (heavy)
496.774199,,,2,Positive,66.61,73.61,27,LLQAADSFK (light)
500.781299,,,2,Positive,66.61,73.61,27,LLQAADSFK (heavy)
486.748516,,,2,Positive,52.58,59.58,27,TDHPALYR (light)
489.75858,,,2,Positive,52.58,59.58,27,TDHPALYR (heavy)
640.817127,,,2,Positive,77.61,84.61,27,YQEDFNPLVR (light)
643.827191,,,2,Positive,77.61,84.61,27,YQEDFNPLVR (heavy)
1195.121528,,,2,Positive,101.36,108.36,27,LQDAAVVRPGFLSTAEEETLSR (light)
1198.131592,,,2,Positive,101.36,108.36,27,LQDAAVVRPGFLSTAEEETLSR (heavy)
668.780947,,,2,Positive,37.1,44.1,27,INDSQEGGC[+57.021464]NSR (light)
671.791011,,,2,Positive,37.1,44.1,27,INDSQEGGC[+57.021464]NSR (heavy)
601.315905,,,2,Positive,62.17,69.17,27,NSC[+57.021464]PLTPVVSK (light)
605.323005,,,2,Positive,62.17,69.17,27,NSC[+57.021464]PLTPVVSK (heavy)
958.980375,,,2,Positive,103.54,110.54,27,AVDLC[+57.021464]AAPGSWSQVLSQK (light)
962.987474,,,2,Positive,103.54,110.54,27,AVDLC[+57.021464]AAPGSWSQVLSQK (heavy)
827.867553,,,2,Positive,75.63,82.63,27,FNSQPVGDC[+57.021464]DFNVR (light)
830.877618,,,2,Positive,75.63,82.63,27,FNSQPVGDC[+57.021464]DFNVR (heavy)
601.324785,,,2,Positive,58.38,65.38,27,LGSTEVASNVPK (light)
605.331884,,,2,Positive,58.38,65.38,27,LGSTEVASNVPK (heavy)
676.353876,,,2,Positive,88.9,95.9,27,AQPLAYYEAAVR (light)
679.363941,,,2,Positive,88.9,95.9,27,AQPLAYYEAAVR (heavy)
840.441211,,,2,Positive,108.79,115.79,27,YLNTNPVGGLLEYAR (light)
843.451276,,,2,Positive,108.79,115.79,27,YLNTNPVGGLLEYAR (heavy)
451.2531,,,2,Positive,50.68,57.68,27,VLIGENEK (light)
455.260199,,,2,Positive,50.68,57.68,27,VLIGENEK (heavy)
535.813856,,,2,Positive,76.47,83.47,27,AGPNASIISLK (light)
539.820955,,,2,Positive,76.47,83.47,27,AGPNASIISLK (heavy)
724.890823,,,2,Positive,86.63,93.63,27,ILQSDLLFEQSR (light)
727.900887,,,2,Positive,86.63,93.63,27,ILQSDLLFEQSR (heavy)
550.792066,,,2,Positive,82.75,89.75,27,EIMNDIPIR (light)
553.80213,,,2,Positive,82.75,89.75,27,EIMNDIPIR (heavy)
449.224873,,,2,Positive,39.25,46.25,27,QENPNAPK (light)
453.231973,,,2,Positive,39.25,46.25,27,QENPNAPK (heavy)
605.314751,,,2,Positive,58.99,65.99,27,LSYNGQSSVVR (light)
608.324816,,,2,Positive,58.99,65.99,27,LSYNGQSSVVR (heavy)
677.853709,,,2,Positive,121.5,128.5,27,DGFFTLDSALLR (light)
680.863774,,,2,Positive,121.5,128.5,27,DGFFTLDSALLR (heavy)
495.737291,,,2,Positive,48.51,55.51,27,GVLEEQC[+57.021464]R (light)
498.747355,,,2,Positive,48.51,55.51,27,GVLEEQC[+57.021464]R (heavy)
877.980366,,,2,Positive,108.7,115.7,27,NTDSDVNLVVPLEVIK (light)
881.987466,,,2,Positive,108.7,115.7,27,NTDSDVNLVVPLEVIK (heavy)
820.411065,,,2,Positive,97.25,104.25,27,FITFVC[+57.021464]PTSSDPLR (light)
823.42113,,,2,Positive,97.25,104.25,27,FITFVC[+57.021464]PTSSDPLR (heavy)
830.442638,,,3,Positive,110.48,117.48,27,AVLQLYPENSEQLELITTQATK (light)
833.114037,,,3,Positive,110.48,117.48,27,AVLQLYPENSEQLELITTQATK (heavy)
800.377222,,,2,Positive,82.79,89.79,27,AGFSGGMVVDYPNSAK (light)
804.384322,,,2,Positive,82.79,89.79,27,AGFSGGMVVDYPNSAK (heavy)
470.72586,,,2,Positive,56.7,63.7,27,FEEGMTVK (light)
474.73296,,,2,Positive,56.7,63.7,27,FEEGMTVK (heavy)
567.331881,,,2,Positive,103.52,110.52,27,LEELITIFR (light)
570.341946,,,2,Positive,103.52,110.52,27,LEELITIFR (heavy)
958.464557,,,2,Positive,96.14,103.14,27,VIFPDAEMEDVNNPGLR (light)
961.474622,,,2,Positive,96.14,103.14,27,VIFPDAEMEDVNNPGLR (heavy)
415.248152,,,2,Positive,50.07,57.07,27,VGTVLGQR (light)
418.258216,,,2,Positive,50.07,57.07,27,VGTVLGQR (heavy)
781.396469,,,2,Positive,102.7,109.7,27,GNLASYPIDELVDR (light)
784.406534,,,2,Positive,102.7,109.7,27,GNLASYPIDELVDR (heavy)
452.252045,,,2,Positive,59.43,66.43,27,LSVPVTC[+57.021464]K (light)
456.259145,,,2,Positive,59.43,66.43,27,LSVPVTC[+57.021464]K (heavy)
1159.615547,,,2,Positive,121.3,128.3,27,TLSTEIIFNLSPNNNISEALK (light)
1163.622646,,,2,Positive,121.3,128.3,27,TLSTEIIFNLSPNNNISEALK (heavy)
596.311154,,,2,Positive,56.8,63.8,27,QATAASSVMVAR (light)
599.321219,,,2,Positive,56.8,63.8,27,QATAASSVMVAR (heavy)
563.269812,,,2,Positive,74.72,81.72,27,SQIYTWDGR (light)
566.279877,,,2,Positive,74.72,81.72,27,SQIYTWDGR (heavy)
491.250368,,,2,Positive,46.38,53.38,27,NVMVEPHR (light)
494.260433,,,2,Positive,46.38,53.38,27,NVMVEPHR (heavy)
753.406503,,,2,Positive,91.44,98.44,27,SGIITSDVGDLTLSK (light)
757.413602,,,2,Positive,91.44,98.44,27,SGIITSDVGDLTLSK (heavy)
459.250557,,,2,Positive,55.84,62.84,27,TLNEAIEK (light)
463.257656,,,2,Positive,55.84,62.84,27,TLNEAIEK (heavy)
544.790381,,,2,Positive,55.86,62.86,27,VHFTSQEIK (light)
548.79748,,,2,Positive,55.86,62.86,27,VHFTSQEIK (heavy)
641.330933,,,2,Positive,63.36,70.36,27,GGGLGSPGEGGALPR (light)
644.340997,,,2,Positive,63.36,70.36,27,GGGLGSPGEGGALPR (heavy)
585.290548,,,2,Positive,104.37,111.37,27,LQGFEFWSR (light)
588.300612,,,2,Positive,104.37,111.37,27,LQGFEFWSR (heavy)
889.46027,,,2,Positive,109.06,116.06,27,LGLHDFDHFHSLAIR (light)
892.470334,,,2,Positive,109.06,116.06,27,LGLHDFDHFHSLAIR (heavy)
695.346445,,,2,Positive,60.95,67.95,27,INTDVQLDSQEK (light)
699.353545,,,2,Positive,60.95,67.95,27,INTDVQLDSQEK (heavy)
724.371743,,,2,Positive,79.81,86.81,27,IPLVVYGC[+57.021464]QNER (light)
727.381808,,,2,Positive,79.81,86.81,27,IPLVVYGC[+57.021464]QNER (heavy)
578.246011,,,2,Positive,40.56,47.56,27,EEAPHDC[+57.021464]AAR (light)
581.256076,,,2,Positive,40.56,47.56,27,EEAPHDC[+57.021464]AAR (heavy)
657.316625,,,2,Positive,82.8,89.8,27,EVFEETGFDIK (light)
661.323725,,,2,Positive,82.8,89.8,27,EVFEETGFDIK (heavy)
507.323328,,,2,Positive,97.89,104.89,27,LYIIPGIPK (light)
511.330427,,,2,Positive,97.89,104.89,27,LYIIPGIPK (heavy)
543.820952,,,2,Positive,109.64,116.64,27,LFTVPWPVK (light)
547.828052,,,2,Positive,109.64,116.64,27,LFTVPWPVK (heavy)
470.186577,,,2,Positive,37.1,44.1,27,SEVC[+57.021464]EC[+57.021464]R (light)
473.196641,,,2,Positive,37.1,44.1,27,SEVC[+57.021464]EC[+57.021464]R (heavy)
549.250231,,,2,Positive,52.22,59.22,27,LFSQDEC[+57.021464]AK (light)
553.257331,,,2,Positive,52.22,59.22,27,LFSQDEC[+57.021464]AK (heavy)
542.342249,,,2,Positive,93.61,100.61,27,LQVLVGDVLK (light)
546.349348,,,2,Positive,93.61,100.61,27,LQVLVGDVLK (heavy)
1011.05694,,,2,Positive,108.25,115.25,27,IAAGLGPSYSGSLLLFDALR (light)
1014.067004,,,2,Positive,108.25,115.25,27,IAAGLGPSYSGSLLLFDALR (heavy)
652.851501,,,2,Positive,58.43,65.43,27,STHGLEVPLSHK (light)
656.8586,,,2,Positive,58.43,65.43,27,STHGLEVPLSHK (heavy)
1058.054063,,,2,Positive,108.01,115.01,27,IVFENPDPSDGFVLIPDLK (light)
1062.061162,,,2,Positive,108.01,115.01,27,IVFENPDPSDGFVLIPDLK (heavy)
680.366984,,,2,Positive,61.77,68.77,27,YLETKPADLGPR (light)
687.384148,,,2,Positive,61.77,68.77,27,YLETKPADLGPR (heavy)
501.284931,,,2,Positive,80.39,87.39,27,EELLQTLR (light)
504.294996,,,2,Positive,80.39,87.39,27,EELLQTLR (heavy)
938.457787,,,2,Positive,103.78,110.78,27,NEVSLVAEGFLPEDGSGR (light)
941.467851,,,2,Positive,103.78,110.78,27,NEVSLVAEGFLPEDGSGR (heavy)
417.265813,,,2,Positive,82.04,89.04,27,VLVTVFR (light)
420.275878,,,2,Positive,82.04,89.04,27,VLVTVFR (heavy)
729.343371,,,2,Positive,82.87,89.87,27,SYPLDLEGGSEYK (light)
733.350471,,,2,Positive,82.87,89.87,27,SYPLDLEGGSEYK (heavy)
487.805302,,,2,Positive,88.49,95.49,27,LYPTLVIR (light)
490.815367,,,2,Positive,88.49,95.49,27,LYPTLVIR (heavy)
573.860275,,,2,Positive,119.15,126.15,27,VLVYELLLGK (light)
577.867374,,,2,Positive,119.15,126.15,27,VLVYELLLGK (heavy)
916.014209,,,2,Positive,107.83,114.83,27,VDLTNPQYTVVVEIIK (light)
920.021309,,,2,Positive,107.83,114.83,27,VDLTNPQYTVVVEIIK (heavy)
1004.533494,,,2,Positive,133.84,140.84,27,VTTLSDVVVGLESFIGSER (light)
1007.543559,,,2,Positive,133.84,140.84,27,VTTLSDVVVGLESFIGSER (heavy)
806.961445,,,2,Positive,107.77,114.77,27,SILNADVAELLVVEK (light)
810.968545,,,2,Positive,107.77,114.77,27,SILNADVAELLVVEK (heavy)
602.303852,,,2,Positive,53.81,60.81,27,HTVYEDQLAK (light)
606.310952,,,2,Positive,53.81,60.81,27,HTVYEDQLAK (heavy)
524.761486,,,2,Positive,58.9,65.9,27,DISGATEDIK (light)
528.768585,,,2,Positive,58.9,65.9,27,DISGATEDIK (heavy)
575.280377,,,2,Positive,54.99,61.99,27,EDITYQQPR (light)
578.290442,,,2,Positive,54.99,61.99,27,EDITYQQPR (heavy)
899.964716,,,2,Positive,114.11,121.11,27,LFIGGLSFETTEESLR (light)
902.974781,,,2,Positive,114.11,121.11,27,LFIGGLSFETTEESLR (heavy)
556.746367,,,2,Positive,50.43,57.43,27,ATPDPDPEDR (light)
559.756432,,,2,Positive,50.43,57.43,27,ATPDPDPEDR (heavy)
612.822212,,,2,Positive,97.62,104.62,27,EFQLFQGVTR (light)
615.832277,,,2,Positive,97.62,104.62,27,EFQLFQGVTR (heavy)
677.348457,,,2,Positive,96.4,103.4,27,SLFSSIGEVESAK (light)
681.355556,,,2,Positive,96.4,103.4,27,SLFSSIGEVESAK (heavy)
461.208366,,,2,Positive,38.96,45.96,27,C[+57.021464]QEEISR (light)
464.218431,,,2,Positive,38.96,45.96,27,C[+57.021464]QEEISR (heavy)
1057.022771,,,2,Positive,110.89,117.89,27,DMVTELFDPLVQGEVQHR (light)
1060.032835,,,2,Positive,110.89,117.89,27,DMVTELFDPLVQGEVQHR (heavy)
527.275429,,,2,Positive,42.01,49.01,27,TSGPASGHALR (light)
530.285493,,,2,Positive,42.01,49.01,27,TSGPASGHALR (heavy)
1199.646847,,,2,Positive,133.84,140.84,27,DVLETPVDLAGFPVLLSDTAGLR (light)
1202.656912,,,2,Positive,133.84,140.84,27,DVLETPVDLAGFPVLLSDTAGLR (heavy)
520.804968,,,2,Positive,98.14,105.14,27,YLIYDIIK (light)
524.812068,,,2,Positive,98.14,105.14,27,YLIYDIIK (heavy)
752.388113,,,2,Positive,112.94,119.94,27,EDFGLSIDIPLER (light)
755.398178,,,2,Positive,112.94,119.94,27,EDFGLSIDIPLER (heavy)
733.929228,,,2,Positive,98.27,105.27,27,LLPVLVQC[+57.021464]GGAALR (light)
736.939293,,,2,Positive,98.27,105.27,27,LLPVLVQC[+57.021464]GGAALR (heavy)
515.300581,,,2,Positive,78.91,85.91,27,DVQTALALAK (light)
519.307681,,,2,Positive,78.91,85.91,27,DVQTALALAK (heavy)
446.729792,,,2,Positive,53.89,60.89,27,YTIENPR (light)
449.739856,,,2,Positive,53.89,60.89,27,YTIENPR (heavy)
557.285994,,,2,Positive,52.91,59.91,27,GSGGAGALPEAAR (light)
560.296058,,,2,Positive,52.91,59.91,27,GSGGAGALPEAAR (heavy)
927.037822,,,2,Positive,131.32,138.32,27,LSPVSPALGVLQLHFFK (light)
931.044921,,,2,Positive,131.32,138.32,27,LSPVSPALGVLQLHFFK (heavy)
775.932491,,,2,Positive,116.3,123.3,27,YAEIFQDLLALVR (light)
778.942555,,,2,Positive,116.3,123.3,27,YAEIFQDLLALVR (heavy)
813.927937,,,2,Positive,83.95,90.95,27,LQTQFPSTVSTVYR (light)
816.938001,,,2,Positive,83.95,90.95,27,LQTQFPSTVSTVYR (heavy)
927.52019,,,2,Positive,106.18,113.18,27,ILQSLSAAQELDPLTVR (light)
930.530254,,,2,Positive,106.18,113.18,27,ILQSLSAAQELDPLTVR (heavy)
621.358627,,,2,Positive,103.36,110.36,27,LLLDDLVPTSR (light)
624.368692,,,2,Positive,103.36,110.36,27,LLLDDLVPTSR (heavy)
781.892843,,,2,Positive,95.59,102.59,27,IC[+57.021464]PVEFNPNFVAR (light)
784.902907,,,2,Positive,95.59,102.59,27,IC[+57.021464]PVEFNPNFVAR (heavy)
998.443291,,,2,Positive,98.05,105.05,27,LDYFSEEC[+57.021464]VYAPEAFR (light)
1001.453355,,,2,Positive,98.05,105.05,27,LDYFSEEC[+57.021464]VYAPEAFR (heavy)
595.811844,,,2,Positive,61.19,68.19,27,EVASYQPLQR (light)
598.821909,,,2,Positive,61.19,68.19,27,EVASYQPLQR (heavy)
927.009989,,,2,Positive,100.81,107.81,27,TVNELQNLTAAEVVVPR (light)
930.020054,,,2,Positive,100.81,107.81,27,TVNELQNLTAAEVVVPR (heavy)
986.477665,,,2,Positive,103.08,110.08,27,TFGC[+57.021464]GSAIASSSLATEWVK (light)
990.484764,,,2,Positive,103.08,110.08,27,TFGC[+57.021464]GSAIASSSLATEWVK (heavy)
636.805705,,,2,Positive,92.25,99.25,27,DYANTLFIC[+57.021464]R (light)
639.815769,,,2,Positive,92.25,99.25,27,DYANTLFIC[+57.021464]R (heavy)
472.289819,,,2,Positive,58.8,65.8,27,VPPPPPIAR (light)
475.299884,,,2,Positive,58.8,65.8,27,VPPPPPIAR (heavy)
844.37468,,,2,Positive,93.32,100.32,27,FPELADPDTC[+57.021464]YGFR (light)
847.384744,,,2,Positive,93.32,100.32,27,FPELADPDTC[+57.021464]YGFR (heavy)
464.766177,,,2,Positive,81.5,88.5,27,VPALEPFR (light)
467.776242,,,2,Positive,81.5,88.5,27,VPALEPFR (heavy)
487.732531,,,2,Positive,55.56,62.56,27,DLGEEHFK (light)
582.318971,,,2,Positive,88.29,95.29,27,LVNELTEFAK (light)
443.711265,,,2,Positive,52.48,59.48,27,DDSPDLPK (light)
464.25036,,,2,Positive,75.87,82.87,27,YLYEIAR (light)
461.74765,,,2,Positive,62.21,69.21,27,AEFVEVTK (light)
395.239461,,,2,Positive,57.33,64.33,27,LVTDLTK (light)
784.375006,,,2,Positive,122.78,129.78,27,DAFLGSFLYEYSR (light)
653.361701,,,2,Positive,71.29,78.29,27,HLVDEPQNLIK (light)
740.401358,,,2,Positive,100.24,107.24,27,LGEYGFQNALIVR (light)
507.813324,,,2,Positive,95.5,102.5,27,QTALVELLK (light)
